Workbook

Sheet Energy input per carrier
A1: Energy Carrier | B1: Sector | C1: 2025 | D1: 2030 | E1: 2035 | F1: 2040 | G1: 2045 | H1: 2050
A2: Aardgas | B2: Basic metal non-ferro | C2: 0.57206719 | D2: 0.70591185 | E2: 0.62987196 | F2: 0.70269747 | G2: 0.31582183 | H2: 0.33739368
A3: Aardgas | B3: Basismetaal ferro | C3: 0.00035888613 | D3: 21.091734 | E3: 32.333775 | F3: 32.09502 | G3: 25.791173 | H3: 23.144778
A4: Aardgas | B4: Chemie | C4: 45.035615 | D4: 33.964527 | E4: 26.77583 | F4: 19.115965 | G4: 10.645055 | H4: 9.1783343
A5: Aardgas | B5: Elektriciteitsopwekking | C5: 330 | D5: 164.54303 | E5: 96.549437 | F5: 66.209741 | G5: 67.686415 | H5: 70.298685
A6: Aardgas | B6: Food and Beverage Industry | C6: 62.511431 | D6: 19.648805 | E6: 7.1722837 | F6: 5.4032304 | G6: 3.6507081 | H6: 20.225698
A7: Aardgas | B7: Gasvoorziening | C7: 9.1950553e-05 | D7: 0.00043894167 | E7: 0.00015776873 | F7: 2.5047041e-06 | G7: 5.2192039e-05 | H7: 0.00020681583
A8: Aardgas | B8: H2 voorziening | C8: 73.120232 | D8: 81.626755 | E8: 78.453321 | F8: 77.877015 | G8: 36.566929 | H8: 21.794158
A9: Aardgas | B9: HDO | C9: 65.391536 | D9: 68.360117 | E9: 65.719682 | F9: 52.988326 | G9: 64.03542 | H9: 55.676491
A10: Aardgas | B10: Huishoudens | C10: 252.41008 | D10: 233.94287 | E10: 224.80057 | F10: 198.90223 | G10: 177.59711 | H10: 156.19134
A11: Aardgas | B11: Industrie | C11: 39.71117 | D11: 45.782639 | E11: 35.642607 | F11: 28.438242 | G11: 24.055304 | H11: 23.787915
A12: Aardgas | B12: Kunstmestindustrie | C12: 79.046047 | D12: 66.650256 | E12: 59.829772 | F12: 53.400889 | G12: 45.793112 | H12: 38.155236
A13: Aardgas | B13: Landbouw | C13: 82.317621 | D13: 58.642398 | E13: 20.002627 | F13: 18.550036 | G13: 12.264384 | H13: 1.940122
... A31: Bio-DME | B31: Verkeer | C31: 2.9288998e-05 | D31: 0.1000247 | E31: 0.10002825 | F31: 0.10000038 | G31: 0.10000805 | H31: 0.10000874
A32: Bio-LNG for shipping | B32: 0 | C32: 0.049371467 | D32: 0 | E32: 0 | F32: 0 | G32: 0 | H32: 0
A33: Bio-LNG for shipping | B33: Bunkers | C33: 0.15062778 | D33: 0.0057538832 | E33: 4.2694057e-05 | F33: 5.6628217 | G33: 10.527763 | H33: 10.126468
A34: Bio-LPG | B34: MWT | C34: 0.033794713 | D34: 0.027403261 | E34: 0.025939218 | F34: 0.042093146 | G34: 0.029375806 | H34: 0.031381226
A35: Bio-LPG | B35: Verkeer | C35: 0.066206197 | D35: 0.072673022 | E35: 0.074103237 | F35: 0.057907274 | G35: 0.084352298 | H35: 0.078522955
A36: Bio-Methanol for shipping | B36: Bunkers | C36: 0 | D36: 0.00012950917 | E36: 5.9659158e-05 | F36: 0.10000118 | G36: 0.10004148 | H36: 0.1001556
A37: Bio-aromatics | B37: Chemie | C37: 1.157251 | D37: 0.61674104 | E37: 0.4876356 | F37: 1.1261385 | G37: 1.5829509 | H37: 2.4003631
A38: Bio-ethanol | B38: Biofuel | C38: 0 | D38: 1.1036651e-05 | E38: 2.9101907e-05 | F38: 6.9234882e-07 | G38: 4.7911747e-05 | H38: 5.8714355e-05
A39: Bio-ethanol | B39: Chemie | C39: 3.6196604e-07 | D39: 0 | E39: 0 | F39: 0 | G39: 0 | H39: 0
A40: Bio-ethanol | B40: MWT | C40: 0 | D40: 0.12631769 | E40: 0.075651207 | F40: 0.022252872 | G40: 0.032026486 | H40: 0.027127321
A41: Bio-ethanol | B41: Verkeer | C41: 12.000001 | D41: 10.859193 | E41: 8.449502 | F41: 0.6511096 | G41: 0.61992596 | H41: 0.10332111
A42: Bio-restgassen | B42: Basismetaal ferro | C42: 0.31663156 | D42: 0.00016480623 | E42: 0.0014742095 | F42: 0.0020445677 | G42: 2.247977e-05 | H42: 0.0067829222
A43: Bio-restgassen | B43: Chemie | C43: 1.6190947 | D43: 0.51124663 | E43: 0.40544082 | F43: 0.33671646 | G43: 0.27573416 | H43: 3.0838394
A44: Bio-restgassen | B44: H2 voorziening | C44: 2.0200452e-06 | D44: 2.5213477e-05 | E44: 3.8773299e-06 | F44: 0 | G44: 0 | H44: 6.513677e-06
... A46: Bio-restgassen | B46: Raffinaderijen | C46: 0.85560327 | D46: 0.26344105 | E46: 0.2107893 | F46: 0.15708728 | G46: 0.11696014 | H46: 0.87385496
A47: BioHFO | B47: 0 | C47: 4.1635661e-06 | D47: 0 | E47: 0 | F47: 0 | G47: 0 | H47: 0
A48: BioHFO | B48: Bunkers | C48: 4.2014401e-06 | D48: 0.1000212 | E48: 0.10000295 | F48: 0.099999991 | G48: 0.099999804 | H48: 0.10000622
A49: Biobenzine | B49: MWT | C49: 0.13780665 | D49: 0.016900775 | E49: 0.014081333 | F49: 0.023652009 | G49: 1.1698508e-05 | H49: 0.03554392
A50: Biobenzine | B50: Verkeer | C50: 1.5662413 | D50: 0.083321441 | E50: 0.086118217 | F50: 0.076350824 | G50: 0.2168626 | H50: 0.14868122
A51: Biodiesel | B51: Bunkers | C51: 0 | D51: 20.573599 | E51: 16.436813 | F51: 2.5057571e-05 | G51: 20.402401 | H51: 0.0015941542
A52: Biodiesel | B52: MWT | C52: 10.389364 | D52: 0.00033721586 | E52: 0.00072199087 | F52: 6.4409515 | G52: 0.00047110511 | H52: 6.5904768
A53: Biodiesel | B53: Verkeer | C53: 33.610694 | D53: 0.1082484 | E53: 0.001649346 | F53: 11.720085 | G53: 0.0010613887 | H53: 12.948362
A54: Biodiesel | B54: Waste | C54: 0 | D54: 0.0001062613 | E54: 0.00019615389 | F54: 0.05806788 | G54: 0.00021860681 | H54: 0.031865891
A55: Biogas | B55: Biofuel | C55: 5.4446785e-06 | D55: 0.0002720383 | E55: 0.00017430491 | F55: 2.2589123e-06 | G55: 0.00016598663 | H55: 0.0017651561
A56: Biogas | B56: Gasvoorziening | C56: 4.4115488 | D56: 0.00080600068 | E56: 0.00020025517 | F56: 5.5628368 | G56: 10.4278 | H56: 10.026671
A57: Biogas | B57: HDO | C57: 0 | D57: 0.00084485093 | E57: 0.00027043929 | F57: 0.0004569017 | G57: 3.0959439 | H57: 2.058743
A58: Biogas | B58: Huishoudens | C58: 0 | D58: 0.00019531542 | E58: 7.0579573e-05 | F58: 0.00036566069 | G58: 2.4116025 | H58: 1.776896
A59: Biokerosine | B59: Biofuel | C59: 1.3579391e-06 | D59: 0 | E59: 0 | F59: 0 | G59: 0 | H59: 0
... A115: E-inhoud mest | B115: Landbouw | C115: 11.1 | D115: 8.8000052 | E115: 15 | F115: 15 | G115: 15 | H115: 15.000001
A116: Elektriciteit | B116: 0 | C116: 0.35016403 | D116: 0 | E116: 0 | F116: 0 | G116: 0 | H116: 0
A117: Elektriciteit | B117: Basic metal non-ferro | C117: 1.7480709 | D117: 0.36761803 | E117: 0.39757625 | F117: 0.3657496 | G117: 0.73474842 | H117: 0.71357035
A118: Elektriciteit | B118: Basismetaal ferro | C118: 10.230569 | D118: 10.235432 | E118: 11.607619 | F118: 11.302933 | G118: 10.232742 | H118: 11.541048
A119: Elektriciteit | B119: Biofuel | C119: 0.37745638 | D119: 0.21349 | E119: 0.17037976 | F119: 0.27691477 | G119: 0.46680427 | H119: 0.63394174
A120: Elektriciteit | B120: Chemie | C120: 56.960499 | D120: 57.766638 | E120: 58.369081 | F120: 48.767817 | G120: 53.302953 | H120: 96.161612
A121: Elektriciteit | B121: Clean gas | C121: 0.31591662 | D121: 0.00019003984 | E121: 9.8002661e-05 | F121: 2.114096e-06 | G121: 0.45390523 | H121: 0.59679712
A122: Elektriciteit | B122: Elektriciteitsopwekking | C122: 127.62675 | D122: 71.354509 | E122: 52.824833 | F122: 48.978222 | G122: 60.152311 | H122: 59.902711
A123: Elektriciteit | B123: Food and Beverage Industry | C123: 25.9869 | D123: 40.752029 | E123: 38.522415 | F123: 39.940095 | G123: 40.538741 | H123: 40.210624
A124: Elektriciteit | B124: Gasvoorziening | C124: 0.0097291532 | D124: 1.1570938e-05 | E124: 1.0370005e-05 | F124: 0.5395938 | G124: 1.0115001 | H124: 0.97257917
A125: Elektriciteit | B125: H2 voorziening | C125: 0.39913388 | D125: 0.035029932 | E125: 0.54849932 | F125: 1.0685122 | G125: 42.760643 | H125: 57.543306
A126: Elektriciteit | B126: HDO | C126: 130.42791 | D126: 123.17987 | E126: 134.51115 | F126: 147.78561 | G126: 161.07386 | H126: 179.85502
A127: Elektriciteit | B127: Huishoudens | C127: 78.180583 | D127: 79.385044 | E127: 85.3606 | F127: 89.907802 | G127: 92.458327 | H127: 101.44455
A128: Elektriciteit | B128: Industrie | C128: 45.685364 | D128: 44.161566 | E128: 50.574022 | F128: 50.211653 | G128: 69.928942 | H128: 69.614638
... A135: Elektriciteit | B135: Waste | C135: 9.8999996 | D135: 7 | E135: 6.125 | F135: 5.625 | G135: 4.7916665 | H135: 3.9583333
A136: HFO | B136: 0 | C136: 208.79951 | D136: 0 | E136: 0 | F136: 0 | G136: 0 | H136: 0
A137: HFO | B137: Bunkers | C137: 221.50532 | D137: 364.52767 | E137: 268.36585 | F137: 306.33713 | G137: 257.03746 | H137: 254.97054
A138: Heat100to200 | B138: Basic metal non-ferro | C138: 0.23713459 | D138: 0.20569522 | E138: 0.19779872 | F138: 0.20470834 | G138: 0.20273456 | H138: 0.20273456
A139: Heat100to200 | B139: Biofuel | C139: 0.9917128 | D139: 1.5608695 | E139: 1.2475931 | F139: 4.7231052 | G139: 5.5125997 | H139: 6.9584473
A140: Heat100to200 | B140: Chemie | C140: 73.360017 | D140: 59.408996 | E140: 53.505379 | F140: 50.741246 | G140: 42.295606 | H140: 36.2497
A141: Heat100to200 | B141: Food and Beverage Industry | C141: 16.49 | D141: 13.26 | E141: 12.818 | F141: 13.192 | G141: 13.022 | H141: 12.988
A142: Heat100to200 | B142: Industrie | C142: 12.888451 | D142: 12.955247 | E142: 13.260965 | F142: 13.927742 | G142: 13.431474 | H142: 13.345043
A143: Heat100to200 | B143: Kunstmestindustrie | C143: 8.7273424 | D143: 6.0140878 | E143: 5.3543053 | F143: 4.881954 | G143: 4.1883679 | H143: 3.4402676
A144: Heat100to200 | B144: Raffinaderijen | C144: 1.2360787e-06 | D144: 2.2112614e-05 | E144: 1.0978034e-05 | F144: 0 | G144: 2.5261155e-06 | H144: 1.279255e-05
A145: Heat100to200 | B145: Warmteopwekking (centraal) | C145: 0.066442163 | D145: 0 | E145: 0 | F145: 0 | G145: 0 | H145: 0
A146: Heat100to200 | B146: Waste | C146: 6.0999999 | D146: 6.4000001 | E146: 5.7750001 | F146: 5.1749997 | G146: 4.5812497 | H146: 3.8399999
A147: Heat200to400 | B147: Basic metal non-ferro | C147: 0.12312241 | D147: 0.1067988 | E147: 0.10269887 | F147: 0.10628641 | G147: 0.1052616 | H147: 0.1052616
A148: Heat200to400 | B148: Basismetaal ferro | C148: 0.37350258 | D148: 0.33614999 | E148: 0.32214374 | F148: 0.30813749 | G148: 0.29413123 | H148: 0.28012498
... A173: Industrial Waste Heat | B173: Raffinaderijen | C173: 2.8076174e-06 | D173: 8.6161092e-05 | E173: 4.9352221e-05 | F173: 1.0153685e-06 | G173: 3.1194377 | H173: 9.4019299
A174: Kerosine | B174: 0 | C174: 123.51788 | D174: 0 | E174: 0 | F174: 0 | G174: 0 | H174: 0
A175: Kerosine | B175: Bunkers | C175: 29.042327 | D175: 130.78997 | E175: 139.8203 | F175: 126.1015 | G175: 121.67822 | H175: 107.95341
A176: Kolen | B176: Basismetaal ferro | C176: 119.12639 | D176: 69.165072 | E176: 44.841469 | F176: 40.373869 | G176: 47.488936 | H176: 52.287472
A177: Kolen | B177: Chemie | C177: 0 | D177: 1.3386558e-06 | E177: 7.8748301e-07 | F177: 0 | G177: 2.2412586e-07 | H177: 6.8020057e-07
A178: Kolen | B178: Elektriciteitsopwekking | C178: 108 | D178: 0 | E178: 0 | F178: 0 | G178: 0 | H178: 0
A179: Kolen | B179: Food and Beverage Industry | C179: 1.1138815 | D179: 0.50609399 | E179: 0.433521 | F179: 0.41611992 | G179: 0.42732736 | H179: 0.43852684
A180: LNG for shipping | B180: 0 | C180: 5.0508916 | D180: 0 | E180: 0 | F180: 0 | G180: 0 | H180: 0
A181: LNG for shipping | B181: Bunkers | C181: 297.794 | D181: 45.362711 | E181: 123.20091 | F181: 75 | G181: 74.999999 | H181: 75.000006
A182: LPG | B182: Chemie | C182: 2.9209901 | D182: 0 | E182: 0 | F182: 0 | G182: 0 | H182: 0
A183: LPG | B183: Landbouw | C183: 11.565271 | D183: 4.0648532e-05 | E183: 5.4424899e-05 | F183: 6.1527495e-07 | G183: 1.3188794e-05 | H183: 9.3390029e-05
A184: LPG | B184: MWT | C184: 0.75138281 | D184: 0.92864188 | E184: 0.6562457 | F184: 0.21298151 | G184: 0.37262973 | H184: 0.3025356
A185: LPG | B185: Verkeer | C185: 4.0920491 | D185: 1.9951083 | E185: 1.6943501 | F185: 0.48039361 | G185: 1.0871659 | H185: 0.84519513
A186: Methanol | B186: Biofuel | C186: 5.432391e-05 | D186: 7.0843725e-05 | E186: 3.2301556e-05 | F186: 2.444577e-07 | G186: 4.8593966e-06 | H186: 2.6065798e-05
A187: Methanol | B187: Chemie | C187: 9.1886741 | D187: 9.220815 | E187: 8.5996134 | F187: 0.099999754 | G187: 0.099995092 | H187: 0.099980722
A188: Methanol for shipping | B188: Bunkers | C188: 0 | D188: 0.099179103 | E188: 0.098948297 | F188: 0.10000062 | G188: 0.10001723 | H188: 0.10008574
A189: Naphta | B189: Chemie | C189: 297.00351 | D189: 351.658 | E189: 337.84958 | F189: 317.90484 | G189: 296.12857 | H189: 274.35229
A190: Olie | B190: Chemie | C190: 15.428939 | D190: 0 | E190: 0 | F190: 0 | G190: 0 | H190: 0
A191: Olie | B191: Huishoudens | C191: 1.4650197 | D191: 0.96771765 | E191: 0.86980192 | F191: 0.80323731 | G191: 0.7887671 | H191: 0.7718378
A192: Olie | B192: Raffinaderijen | C192: 1947.4475 | D192: 1787.3554 | E192: 1637.8433 | F192: 1486.5623 | G192: 1338.003 | H192: 1189.4438
... A224: Restgassen | B224: Raffinaderijen | C224: 207.25579 | D224: 68.348954 | E224: 64.996406 | F224: 64.378721 | G224: 61.387847 | H224: 59.214317
A225: Synthetic LNG for shipping | B225: 0 | C225: 0.049738121 | D225: 0 | E225: 0 | F225: 0 | G225: 0 | H225: 0
A226: Synthetic LNG for shipping | B226: Bunkers | C226: 0.15049623 | D226: 0.10574513 | E226: 0.10001857 | F226: 0.10000101 | G226: 0.10002415 | H226: 0.10006356
A227: Synthetic LPG | B227: MWT | C227: 0.034011993 | D227: 0.027232028 | E227: 0.025929251 | F227: 0.042193291 | G227: 0.025828454 | H227: 0.028471139
A228: Synthetic LPG | B228: Verkeer | C228: 0.065988147 | D228: 0.072825243 | E228: 0.074095015 | F228: 0.057806855 | G228: 0.074176818 | H228: 0.071548618
A229: Synthetic aromatics | B229: Chemie | C229: 0.22108452 | D229: 0.15404891 | E229: 0.11067972 | F229: 0.11062828 | G229: 0.15675004 | H229: 0.16238965
A230: Synthetic benzine | B230: MWT | C230: 0.018066243 | D230: 0.01757826 | E230: 0.014804493 | F230: 0.024138127 | G230: 1.1404145e-05 | H230: 0.020276582
A231: Synthetic benzine | B231: Verkeer | C231: 0.081964826 | D231: 0.081727425 | E231: 0.085221455 | F231: 0.075862167 | G231: 0.10000721 | H231: 0.079768259
A232: Synthetic diesel | B232: 0 | C232: 0.050916453 | D232: 0 | E232: 0 | F232: 0 | G232: 0 | H232: 0
A233: Synthetic diesel | B233: Bunkers | C233: 0.049059824 | D233: 0.098799569 | E233: 0.097344971 | F233: 2.0333592e-05 | G233: 0.53226141 | H233: 0.0010193267
A234: Synthetic diesel | B234: MWT | C234: 7.4058599e-06 | D234: 0.00032759137 | E234: 0.00070262295 | F234: 0.045879131 | G234: 0.00045651048 | H234: 0.26697182
...

Sheet IND
A1: Variable | B1: Sector | C1: Unit | E1: 2025 | F1: 2030 | G1: 2035 | H1: 2040 | I1: 2045 | J1: 2050
A2: Investments | B2: AGR01 | C2: th_euro | E2: 0 | F2: 0 | G2: 0 | H2: 0 | I2: 0 | J2: 0
A3: Investments | B3: AGR01 | C3: th_euro | D3: PGT09 | E3: 0 | F3: 0 | G3: 0 | H3: 0 | I3: 0 | J3: 0
A4: Energy Use | B4: AGR01 | C4: TJ | D4: ENE01 | E4: 0 | F4: 0 | G4: 0 | H4: 0 | I4: 0 | J4: 0
A5: Energy Use | B5: AGR01 | C5: TJ | D5: ENE02 | E5: 0 | F5: 0 | G5: 0 | H5: 0 | I5: 0 | J5: 0
A6: Energy Use | B6: AGR01 | C6: TJ | D6: ENE03 | E6: ='Energy input per carrier'!C183*1000 -> 11565.271 | F6: ='Energy input per carrier'!D183*1000 -> 0.040648532 | G6: ='Energy input per carrier'!E183*1000 -> 0.054424899 | H6: ='Energy input per carrier'!F183*1000 -> 0.00061527495 | I6: ='Energy input per carrier'!G183*1000 -> 0.013188794 | J6: ='Energy input per carrier'!H183*1000 -> 0.093390029
A7: Energy Use | B7: AGR01 | C7: TJ | D7: ENE04 | E7: ='Energy input per carrier'!C13*1000 -> 82317.621 | F7: ='Energy input per carrier'!D13*1000 -> 58642.398 | G7: ='Energy input per carrier'!E13*1000 -> 20002.627 | H7: ='Energy input per carrier'!F13*1000 -> 18550.036 | I7: ='Energy input per carrier'!G13*1000 -> 12264.384 | J7: ='Energy input per carrier'!H13*1000 -> 1940.122
A8: Energy Use | B8: AGR01 | C8: TJ | D8: ENE05 | E8: ='Energy input per carrier'!C130*1000 -> 31671.711 | F8: ='Energy input per carrier'!D130*1000 -> 47417.85 | G8: ='Energy input per carrier'!E130*1000 -> 50365.948 | H8: ='Energy input per carrier'!F130*1000 -> 54506.219 | I8: ='Energy input per carrier'!G130*1000 -> 56107.92 | J8: ='Energy input per carrier'!H130*1000 -> 58075.784
A9: Energy Use | B9: AGR01 | C9: TJ | D9: ENE06 | E9: =('Tech, Carrier & Sector by Year'!D172+'Tech, Carrier & Sector by Year'!D1391+'Tech, Carrier & Sector by Year'!D802+'Tech, Carrier & Sector by Year'!D2069)*1000 -> 15400 | F9: =('Tech, Carrier & Sector by Year'!E172+'Tech, Carrier & Sector by Year'!E1391+'Tech, Carrier & Sector by Year'!E802+'Tech, Carrier & Sector by Year'!E2069)*1000 -> 8800.0557 | G9: =('Tech, Carrier & Sector by Year'!F172+'Tech, Carrier & Sector by Year'!F1391+'Tech, Carrier & Sector by Year'!F802+'Tech, Carrier & Sector by Year'!F2069)*1000 -> 15000 | H9: =('Tech, Carrier & Sector by Year'!G172+'Tech, Carrier & Sector by Year'!G1391+'Tech, Carrier & Sector by Year'!G802+'Tech, Carrier & Sector by Year'!G2069)*1000 -> 15000 | I9: =('Tech, Carrier & Sector by Year'!H172+'Tech, Carrier & Sector by Year'!H1391+'Tech, Carrier & Sector by Year'!H802+'Tech, Carrier & Sector by Year'!H2069)*1000 -> 15000 | J9: =('Tech, Carrier & Sector by Year'!I172+'Tech, Carrier & Sector by Year'!I1391+'Tech, Carrier & Sector by Year'!I802+'Tech, Carrier & Sector by Year'!I2069)*1000 -> 15000.001
A10: Energy Use | B10: AGR01 | C10: TJ | D10: ENE07 | E10: 0 | F10: 0 | G10: 0 | H10: 0 | I10: 0 | J10: 0
A11: Energy Use | B11: AGR01 | C11: TJ | D11: ENE08 | E11: 0 | F11: 0 | G11: 0 | H11: 0 | I11: 0 | J11: 0
A12: Energy Use | B12: AGR01 | C12: TJ | D12: ENE09 | E12: 0 | F12: 0 | G12: 0 | H12: 0 | I12: 0 | J12: 0
A13: Energy Use | B13: AGR01 | C13: TJ | D13: ENE10 | E13: 0 | F13: 0 | G13: 0 | H13: 0 | I13: 0 | J13: 0
A14: Energy Use | B14: AGR01 | C14: TJ | D14: ENE11 | E14: 0 | F14: 0 | G14: 0 | H14: 0 | I14: 0 | J14: 0
A15: Residential
A16: Variable | B16: Sector | C16: Unit | E16: 0 | F16: 0 | G16: 0 | H16: 0 | I16: 0 | J16: 0
A17: Investments | B17: Equipments | C17: th_euro | E17: 0 | F17: 0 | G17: 0 | H17: 0 | I17: 0 | J17: 0
A18: Investments | B18: PV | C18: th_euro | E18: 0 | F18: 0 | G18: 0 | H18: 0 | I18: 0 | J18: 0
A19: Energy Use | B19: Equipments | C19: TJ | D19: ENE01 | E19: 0 | F19: 0 | G19: 0 | H19: 0 | I19: 0 | J19: 0
A20: Energy Use | B20: Equipments | C20: TJ | D20: ENE02 | E20: ='Energy input per carrier'!C191*1000 -> 1465.0197 | F20: ='Energy input per carrier'!D191*1000 -> 967.71765 | G20: ='Energy input per carrier'!E191*1000 -> 869.80192 | H20: ='Energy input per carrier'!F191*1000 -> 803.23731 | I20: ='Energy input per carrier'!G191*1000 -> 788.7671 | J20: ='Energy input per carrier'!H191*1000 -> 771.8378
A21: Energy Use | B21: Equipments | C21: TJ | D21: ENE03
A22: Energy Use | B22: Equipments | C22: TJ | D22: ENE04 | E22: ='Energy input per carrier'!C10*1000 -> 252410.08 | F22: ='Energy input per carrier'!D10*1000 -> 233942.87 | G22: ='Energy input per carrier'!E10*1000 -> 224800.57 | H22: ='Energy input per carrier'!F10*1000 -> 198902.23 | I22: ='Energy input per carrier'!G10*1000 -> 177597.11 | J22: ='Energy input per carrier'!H10*1000 -> 156191.34
A23: Energy Use | B23: Equipments | C23: TJ | D23: ENE05 | E23: =('Energy input per carrier'!C127)*1000 -> 78180.583 | F23: =('Energy input per carrier'!D127)*1000 -> 79385.044 | G23: =('Energy input per carrier'!E127)*1000 -> 85360.6 | H23: =('Energy input per carrier'!F127)*1000 -> 89907.802 | I23: =('Energy input per carrier'!G127)*1000 -> 92458.327 | J23: =('Energy input per carrier'!H127)*1000 -> 101444.55
A24: Energy Use | B24: Equipments | C24: TJ | D24: ENE06 | E24: ='Energy input per carrier'!C80*1000 -> 16000 | F24: ='Energy input per carrier'!D80*1000 -> 11844.511 | G24: ='Energy input per carrier'!E80*1000 -> 11305.711 | H24: ='Energy input per carrier'!F80*1000 -> 11306.96 | I24: ='Energy input per carrier'!G80*1000 -> 11311.852 | J24: ='Energy input per carrier'!H80*1000 -> 11304.311
A25: Energy Use | B25: Equipments | C25: TJ | D25: ENE07 | E25: ='Energy input per carrier'!C58*1000 -> 0 | F25: ='Energy input per carrier'!D58*1000 -> 0.19531542 | G25: ='Energy input per carrier'!E58*1000 -> 0.070579573 | H25: ='Energy input per carrier'!F58*1000 -> 0.36566069 | I25: ='Energy input per carrier'!G58*1000 -> 2411.6025 | J25: ='Energy input per carrier'!H58*1000 -> 1776.896
A26: Energy Use | B26: Equipments | C26: TJ | D26: ENE08 | E26: 0 | F26: 0 | G26: 0 | H26: 0 | I26: 0 | J26: 0
A27: Energy Use | B27: Equipments | C27: TJ | D27: ENE09 | E27: ='Energy input per carrier'!C276*1000 -> 0.014134539 | F27: ='Energy input per carrier'!D276*1000 -> 9.2463735 | G27: ='Energy input per carrier'!E276*1000 -> 3.1531099 | H27: ='Energy input per carrier'!F276*1000 -> 4.10524 | I27: ='Energy input per carrier'!G276*1000 -> 4.5379248 | J27: ='Energy input per carrier'!H276*1000 -> 3.4472717
A28: Energy Use | B28: Equipments | C28: TJ | D28: ENE10 | E28: 0 | F28: 0 | G28: 0 | H28: 0 | I28: 0 | J28: 0
A29: Energy Use | B29: Equipments | C29: TJ | D29: ENE11 | G29: 0 | H29: 0 | I29: 0 | J29: 0
A34: Variable | B34: Sector | C34: Unit | E34: 2025 | F34: 2030 | G34: 2035 | H34: 2040 | I34: 2045 | J34: 2050
A35: Energy Use | B35: IND01 | C35: TJ | D35: ENE01 | E35: ='Energy input per carrier'!C176*1000 -> 119126.39 | F35: =('Energy input per carrier'!F176)*1000 -> 40373.869 | G35: =('Energy input per carrier'!G176)*1000 -> 47488.936 | H35: =('Energy input per carrier'!H176)*1000 -> 52287.472 | I35: =('Energy input per carrier'!I176)*1000 -> 0 | J35: =('Energy input per carrier'!J176)*1000 -> 0
A36: Energy Use | B36: IND01 | C36: TJ | D36: ENE02 | E36: 0 | F36: 0 | G36: 0 | H36: 0 | I36: 0 | J36: 0
A37: Energy Use | B37: IND01 | C37: TJ | D37: ENE03 | E37: ='Energy input per carrier'!C108*1000 -> 201.59999 | F37: ='Energy input per carrier'!D108*1000 -> 111.46693 | G37: ='Energy input per carrier'!E108*1000 -> 75.880047 | H37: ='Energy input per carrier'!F108*1000 -> 68.320003 | I37: ='Energy input per carrier'!G108*1000 -> 80.360005 | J37: ='Energy input per carrier'!H108*1000 -> 88.480087
A38: Energy Use | B38: IND01 | C38: TJ | D38: ENE04 | E38: ='Energy input per carrier'!C3*1000 -> 0.35888613 | F38: ='Energy input per carrier'!D3*1000 -> 21091.734 | G38: ='Energy input per carrier'!E3*1000 -> 32333.775 | H38: ='Energy input per carrier'!F3*1000 -> 32095.02 | I38: ='Energy input per carrier'!G3*1000 -> 25791.173 | J38: ='Energy input per carrier'!H3*1000 -> 23144.778
A39: Energy Use | B39: IND01 | C39: TJ | D39: ENE05 | E39: ='Energy input per carrier'!C118*1000 -> 10230.569 | F39: ='Energy input per carrier'!D118*1000 -> 10235.432 | G39: ='Energy input per carrier'!E118*1000 -> 11607.619 | H39: ='Energy input per carrier'!F118*1000 -> 11302.933 | I39: ='Energy input per carrier'!G118*1000 -> 10232.742 | J39: ='Energy input per carrier'!H118*1000 -> 11541.048
A40: Energy Use | B40: IND01 | C40: TJ | D40: ENE06 | E40: ='Energy input per carrier'!C72*1000 -> 6083.709 | F40: ='Energy input per carrier'!D72*1000 -> 5835.3846 | G40: ='Energy input per carrier'!E72*1000 -> 5612.828 | H40: ='Energy input per carrier'!F72*1000 -> 5711.8852 | I40: ='Energy input per carrier'!G72*1000 -> 5122.1785 | J40: ='Energy input per carrier'!H72*1000 -> 0.55305883
A41: Energy Use | B41: IND01 | C41: TJ | D41: ENE07 | E41: 0 | F41: 0 | G41: 0 | H41: 0 | I41: 0 | J41: 0
A42: Energy Use | B42: IND01 | C42: TJ | D42: ENE08 | E42: 0 | F42: 0 | G42: 0 | H42: 0 | I42: 0 | J42: 0
A43: Energy Use | B43: IND01 | C43: TJ | D43: ENE09 | E43: ='Energy input per carrier'!C267*1000 -> 0.0052049362 | F43: ='Energy input per carrier'!D267*1000 -> 0.046505883 | G43: ='Energy input per carrier'!E267*1000 -> 0.037830235 | H43: ='Energy input per carrier'!F267*1000 -> 0.00045929608 | I43: ='Energy input per carrier'!G267*1000 -> 0.014923998 | J43: ='Energy input per carrier'!H267*1000 -> 0.059964303
A44: Energy Use | B44: IND01 | C44: TJ | D44: ENE10 | E44: 0 | F44: 0 | G44: 0 | H44: 0 | I44: 0 | J44: 0
A45: Energy Use | B45: IND01 | C45: TJ | D45: ENE11 | G45: 0 | H45: 0 | I45: 0 | J45: 0
A46: Energy Use | B46: IND02 | C46: TJ | D46: ENE01 | E46: 0 | F46: 0 | G46: 0 | H46: 0 | I46: 0 | J46: 0
A47: Energy Use | B47: IND02 | C47: TJ | D47: ENE02 | E47: 0 | F47: 0 | G47: 0 | H47: 0 | I47: 0 | J47: 0
A48: Energy Use | B48: IND02 | C48: TJ | D48: ENE03 | E48: 0 | F48: 0 | G48: 0 | H48: 0 | I48: 0 | J48: 0
A49: Energy Use | B49: IND02 | C49: TJ | D49: ENE04 | E49: ='Energy input per carrier'!C2*1000 -> 572.06719 | F49: ='Energy input per carrier'!D2*1000 -> 705.91185 | G49: ='Energy input per carrier'!E2*1000 -> 629.87196 | H49: ='Energy input per carrier'!F2*1000 -> 702.69747 | I49: ='Energy input per carrier'!G2*1000 -> 315.82183 | J49: ='Energy input per carrier'!H2*1000 -> 337.39368
A50: Energy Use | B50: IND02 | C50: TJ | D50: ENE05 | E50: ='Energy input per carrier'!C117*1000 -> 1748.0709 | F50: ='Energy input per carrier'!D117*1000 -> 367.61803 | G50: ='Energy input per carrier'!E117*1000 -> 397.57625 | H50: ='Energy input per carrier'!F117*1000 -> 365.7496 | I50: ='Energy input per carrier'!G117*1000 -> 734.74842 | J50: ='Energy input per carrier'!H117*1000 -> 713.57035
A51: Energy Use | B51: IND02 | C51: TJ | D51: ENE06 | E51: 0 | F51: 0 | G51: 0 | H51: 0 | I51: 0 | J51: 0
A52: Energy Use | B52: IND02 | C52: TJ | D52: ENE07 | E52: 0 | F52: 0 | G52: 0 | H52: 0 | I52: 0 | J52: 0
A53: Energy Use | B53: IND02 | C53: TJ | D53: ENE08 | E53: 0 | F53: 0 | G53: 0 | H53: 0 | I53: 0 | J53: 0
A54: Energy Use | B54: IND02 | C54: TJ | D54: ENE09 | E54: ='Energy input per carrier'!C266*1000 -> 35.749569 | F54: ='Energy input per carrier'!D266*1000 -> 0.065539988 | G54: ='Energy input per carrier'!E266*1000 -> 0.040670679 | H54: ='Energy input per carrier'!F266*1000 -> 0.00048040089 | I54: ='Energy input per carrier'!G266*1000 -> 0.017121771 | J54: ='Energy input per carrier'!H266*1000 -> 0.052545596
A55: Energy Use | B55: IND02 | C55: TJ | D55: ENE10 | E55: 0 | F55: 0 | G55: 0 | H55: 0 | I55: 0 | J55: 0
A56: Energy Use | B56: IND02 | C56: TJ | D56: ENE11 | G56: 0 | H56: 0 | I56: 0 | J56: 0
A57: Energy Use | B57: IND04 | C57: TJ | D57: ENE01 | E57: ='Energy input per carrier'!C177*1000 -> 0 | F57: ='Energy input per carrier'!D177*1000 -> 0.0013386558 | G57: ='Energy input per carrier'!E177*1000 -> 0.00078748301 | H57: ='Energy input per carrier'!F177*1000 -> 0 | I57: ='Energy input per carrier'!G177*1000 -> 0.00022412586 | J57: ='Energy input per carrier'!H177*1000 -> 0.00068020057
A58: Energy Use | B58: IND04 | C58: TJ | D58: ENE02 | E58: =('Energy input per carrier'!C190)*1000 -> 15428.939 | F58: =('Energy input per carrier'!D190)*1000 -> 0 | G58: =('Energy input per carrier'!E190)*1000 -> 0 | H58: =('Energy input per carrier'!F190)*1000 -> 0 | I58: =('Energy input per carrier'!G190)*1000 -> 0 | J58: =('Energy input per carrier'!H190)*1000 -> 0
A59: Energy Use | B59: IND04 | C59: TJ | D59: ENE03 | E59: =('Energy input per carrier'!C28+'Energy input per carrier'!C187+'Energy input per carrier'!C189+'Energy input per carrier'!C218+'Energy input per carrier'!C217+'Energy input per carrier'!C212+'Energy input per carrier'!C27+'Energy input per carrier'!C182)*1000 -> 642589.95 | F59: =('Energy input per carrier'!D28+'Energy input per carrier'!D187+'Energy input per carrier'!D189+'Energy input per carrier'!D218+'Energy input per carrier'!D217+'Energy input per carrier'!D212+'Energy input per carrier'!D27+'Energy input per carrier'!D182)*1000 -> 662530.47 | G59: =('Energy input per carrier'!E28+'Energy input per carrier'!E187+'Energy input per carrier'!E189+'Energy input per carrier'!E218+'Energy input per carrier'!E217+'Energy input per carrier'!E212+'Energy input per carrier'!E27+'Energy input per carrier'!E182)*1000 -> 654034.51 | H59: =('Energy input per carrier'!F28+'Energy input per carrier'!F187+'Energy input per carrier'!F189+'Energy input per carrier'!F218+'Energy input per carrier'!F217+'Energy input per carrier'!F212+'Energy input per carrier'!F27+'Energy input per carrier'!F182)*1000 -> 649224.1 | I59: =('Energy input per carrier'!G28+'Energy input per carrier'!G187+'Energy input per carrier'!G189+'Energy input per carrier'!G218+'Energy input per carrier'!G217+'Energy input per carrier'!G212+'Energy input per carrier'!G27+'Energy input per carrier'!G182)*1000 -> 584465.29 | J59: =('Energy input per carrier'!H28+'Energy input per carrier'!H187+'Energy input per carrier'!H189+'Energy input per carrier'!H218+'Energy input per carrier'!H217+'Energy input per carrier'!H212+'Energy input per carrier'!H27+'Energy input per carrier'!H182)*1000 -> 527174.2
A60: Energy Use | B60: IND04 | C60: TJ | D60: ENE04 | E60: =('Energy input per carrier'!C4+'Energy input per carrier'!C12+'Energy input per carrier'!C18)*1000 -> 184507.83 | F60: =('Energy input per carrier'!D4+'Energy input per carrier'!D12+'Energy input per carrier'!D18)*1000 -> 153632.75 | G60: =('Energy input per carrier'!E4+'Energy input per carrier'!E12+'Energy input per carrier'!E18)*1000 -> 134208.89 | H60: =('Energy input per carrier'!F4+'Energy input per carrier'!F12+'Energy input per carrier'!F18)*1000 -> 114965.98 | I60: =('Energy input per carrier'!G4+'Energy input per carrier'!G12+'Energy input per carrier'!G18)*1000 -> 92841.597 | J60: =('Energy input per carrier'!H4+'Energy input per carrier'!H12+'Energy input per carrier'!H18)*1000 -> 77312.943
A61: Energy Use | B61: IND04 | C61: TJ | D61: ENE05 | E61: =('Energy input per carrier'!C120+'Energy input per carrier'!C129+'Energy input per carrier'!C200+'Energy input per carrier'!C195)*1000 -> 64468.817 | F61: =('Energy input per carrier'!D120+'Energy input per carrier'!D129+'Energy input per carrier'!D200+'Energy input per carrier'!D195)*1000 -> 63498.695 | G61: =('Energy input per carrier'!E120+'Energy input per carrier'!E129+'Energy input per carrier'!E200+'Energy input per carrier'!E195)*1000 -> 63837.644 | H61: =('Energy input per carrier'!F120+'Energy input per carrier'!F129+'Energy input per carrier'!F200+'Energy input per carrier'!F195)*1000 -> 53703.482 | I61: =('Energy input per carrier'!G120+'Energy input per carrier'!G129+'Energy input per carrier'!G200+'Energy input per carrier'!G195)*1000 -> 57691.832 | J61: =('Energy input per carrier'!H120+'Energy input per carrier'!H129+'Energy input per carrier'!H200+'Energy input per carrier'!H195)*1000 -> 101983.96
A62: Energy Use | B62: IND04 | C62: TJ | D62: ENE06 | E62: =('Energy input per carrier'!C74+'Energy input per carrier'!C82)*1000 -> 11569.567 | F62: =('Energy input per carrier'!D74+'Energy input per carrier'!D82)*1000 -> 8455.5913 | G62: =('Energy input per carrier'!E74+'Energy input per carrier'!E82)*1000 -> 6930.0184 | H62: =('Energy input per carrier'!F74+'Energy input per carrier'!F82)*1000 -> 7612.6734 | I62: =('Energy input per carrier'!G74+'Energy input per carrier'!G82)*1000 -> 5327.4291 | J62: =('Energy input per carrier'!H74+'Energy input per carrier'!H82)*1000 -> 1123.9135
A63: Energy Use | B63: IND04 | C63: TJ | D63: ENE07 | E63: =('Energy input per carrier'!C37+'Energy input per carrier'!C39+'Energy input per carrier'!C43+'Energy input per carrier'!C89+'Energy input per carrier'!C207)*1000 -> 3558.8138 | F63: =('Energy input per carrier'!D37+'Energy input per carrier'!D39+'Energy input per carrier'!D43+'Energy input per carrier'!D89+'Energy input per carrier'!D207)*1000 -> 1231.3025 | G63: =('Energy input per carrier'!E37+'Energy input per carrier'!E39+'Energy input per carrier'!E43+'Energy input per carrier'!E89+'Energy input per carrier'!E207)*1000 -> 993.54474 | H63: =('Energy input per carrier'!F37+'Energy input per carrier'!F39+'Energy input per carrier'!F43+'Energy input per carrier'!F89+'Energy input per carrier'!F207)*1000 -> 9559.0284 | I63: =('Energy input per carrier'!G37+'Energy input per carrier'!G39+'Energy input per carrier'!G43+'Energy input per carrier'!G89+'Energy input per carrier'!G207)*1000 -> 8355.8577 | J63: =('Energy input per carrier'!H37+'Energy input per carrier'!H39+'Energy input per carrier'!H43+'Energy input per carrier'!H89+'Energy input per carrier'!H207)*1000 -> 7897.8244
A64: Energy Use | B64: IND04 | C64: TJ | D64: ENE08 | E64: =('Energy input per carrier'!C229+'Energy input per carrier'!C240+'Energy input per carrier'!C242+'Energy input per carrier'!C244)*1000 -> 10136.514 | F64: =('Energy input per carrier'!D229+'Energy input per carrier'!D240+'Energy input per carrier'!D242+'Energy input per carrier'!D244)*1000 -> 483.48585 | G64: =('Energy input per carrier'!E229+'Energy input per carrier'!E240+'Energy input per carrier'!E242+'Energy input per carrier'!E244)*1000 -> 310.85295 | H64: =('Energy input per carrier'!F229+'Energy input per carrier'!F240+'Energy input per carrier'!F242+'Energy input per carrier'!F244)*1000 -> 310.65 | I64: =('Energy input per carrier'!G229+'Energy input per carrier'!G240+'Energy input per carrier'!G242+'Energy input per carrier'!G244)*1000 -> 1830.7413 | J64: =('Energy input per carrier'!H229+'Energy input per carrier'!H240+'Energy input per carrier'!H242+'Energy input per carrier'!H244)*1000 -> 5446.4291
A65: Energy Use | B65: IND04 | C65: TJ | D65: ENE09 | E65: =('Energy input per carrier'!C269+'Energy input per carrier'!C278)*1000 -> 0.050881695 | F65: =('Energy input per carrier'!D269+'Energy input per carrier'!D278)*1000 -> 9140.949 | G65: =('Energy input per carrier'!E269+'Energy input per carrier'!E278)*1000 -> 10632.392 | H65: =('Energy input per carrier'!F269+'Energy input per carrier'!F278)*1000 -> 12833.516 | I65: =('Energy input per carrier'!G269+'Energy input per carrier'!G278)*1000 -> 10441.777 | J65: =('Energy input per carrier'!H269+'Energy input per carrier'!H278)*1000 -> 8711.3537
A66: Energy Use | B66: IND04 | C66: TJ | D66: ENE10 | E66: 0 | F66: 0 | G66: 0 | H66: 0 | I66: 0 | J66: 0
A67: Energy Use | B67: IND04 | C67: TJ | D67: ENE11 | E67: 0 | G67: 0 | H67: 0 | I67: 0 | J67: 0
A68: Energy Use | B68: IND08 | C68: TJ | D68: ENE01 | E68: 0 | F68: 0 | G68: 0 | H68: 0 | I68: 0 | J68: 0
A69: Energy Use | B69: IND08 | C69: TJ | D69: ENE02 | E69: 0 | F69: 0 | G69: 0 | H69: 0 | I69: 0 | J69: 0
A70: Energy Use | B70: IND08 | C70: TJ | D70: ENE03 | E70: 0 | F70: 0 | G70: 0 | H70: 0 | I70: 0 | J70: 0
A71: Energy Use | B71: IND08 | C71: TJ | D71: ENE04 | E71: =('Tech, Carrier & Sector by Year'!D1730+'Tech, Carrier & Sector by Year'!D1732+'Tech, Carrier & Sector by Year'!D1734+'Tech, Carrier & Sector by Year'!D1736)*1000 -> 14494.584 | F71: =('Tech, Carrier & Sector by Year'!E1730+'Tech, Carrier & Sector by Year'!E1732+'Tech, Carrier & Sector by Year'!E1734+'Tech, Carrier & Sector by Year'!E1736)*1000 -> 8388.2949 | G71: =('Tech, Carrier & Sector by Year'!F1730+'Tech, Carrier & Sector by Year'!F1732+'Tech, Carrier & Sector by Year'!F1734+'Tech, Carrier & Sector by Year'!F1736)*1000 -> 8161.1085 | H71: =('Tech, Carrier & Sector by Year'!G1730+'Tech, Carrier & Sector by Year'!G1732+'Tech, Carrier & Sector by Year'!G1734+'Tech, Carrier & Sector by Year'!G1736)*1000 -> 7893.7434 | I71: =('Tech, Carrier & Sector by Year'!H1730+'Tech, Carrier & Sector by Year'!H1732+'Tech, Carrier & Sector by Year'!H1734+'Tech, Carrier & Sector by Year'!H1736)*1000 -> 7819.0258 | J71: =('Tech, Carrier & Sector by Year'!I1730+'Tech, Carrier & Sector by Year'!I1732+'Tech, Carrier & Sector by Year'!I1734+'Tech, Carrier & Sector by Year'!I1736)*1000 -> 7744.3154
A72: Energy Use | B72: IND08 | C72: TJ | D72: ENE05 | E72: =('Tech, Carrier & Sector by Year'!D1731+'Tech, Carrier & Sector by Year'!D1733+'Tech, Carrier & Sector by Year'!D1735+'Tech, Carrier & Sector by Year'!D1737+'Tech, Carrier & Sector by Year'!D1738)*1000 -> 7469.1064 | F72: =('Tech, Carrier & Sector by Year'!E1731+'Tech, Carrier & Sector by Year'!E1733+'Tech, Carrier & Sector by Year'!E1735+'Tech, Carrier & Sector by Year'!E1737+'Tech, Carrier & Sector by Year'!E1738)*1000 -> 1128.141 | G72: =('Tech, Carrier & Sector by Year'!F1731+'Tech, Carrier & Sector by Year'!F1733+'Tech, Carrier & Sector by Year'!F1735+'Tech, Carrier & Sector by Year'!F1737+'Tech, Carrier & Sector by Year'!F1738)*1000 -> 1102.2898 | H72: =('Tech, Carrier & Sector by Year'!G1731+'Tech, Carrier & Sector by Year'!G1733+'Tech, Carrier & Sector by Year'!G1735+'Tech, Carrier & Sector by Year'!G1737+'Tech, Carrier & Sector by Year'!G1738)*1000 -> 1069.2011 | I72: =('Tech, Carrier & Sector by Year'!H1731+'Tech, Carrier & Sector by Year'!H1733+'Tech, Carrier & Sector by Year'!H1735+'Tech, Carrier & Sector by Year'!H1737+'Tech, Carrier & Sector by Year'!H1738)*1000 -> 1062.816 | J72: =('Tech, Carrier & Sector by Year'!I1731+'Tech, Carrier & Sector by Year'!I1733+'Tech, Carrier & Sector by Year'!I1735+'Tech, Carrier & Sector by Year'!I1737+'Tech, Carrier & Sector by Year'!I1738)*1000 -> 1056.4229
A73: Energy Use | B73: IND08 | C73: TJ | D73: ENE06 | E73: 0 | F73: 0 | G73: 0 | H73: 0 | I73: 0 | J73: 0
A74: Energy Use | B74: IND08 | C74: TJ | D74: ENE07 | E74: 0 | F74: 0 | G74: 0 | H74: 0 | I74: 0 | J74: 0
A75: Energy Use | B75: IND08 | C75: TJ | D75: ENE08 | E75: 0 | F75: 0 | G75: 0 | H75: 0 | I75: 0 | J75: 0
A76: Energy Use | B76: IND08 | C76: TJ | D76: ENE09 | E76: 0 | F76: 0 | G76: 0 | H76: 0 | I76: 0 | J76: 0
A77: Energy Use | B77: IND08 | C77: TJ | D77: ENE10 | E77: 0 | F77: 0 | G77: 0 | H77: 0 | I77: 0 | J77: 0
A78: Energy Use | B78: IND08 | C78: TJ | D78: ENE11 | E78: 0 | F78: 0 | G78: 0 | H78: 0 | I78: 0 | J78: 0
A79: Energy Use | B79: IND12 | C79: TJ | D79: ENE01 | E79: ='Energy input per carrier'!C179*1000 -> 1113.8815 | F79: ='Energy input per carrier'!D179*1000 -> 506.09399 | G79: ='Energy input per carrier'!E179*1000 -> 433.521 | H79: ='Energy input per carrier'!F179*1000 -> 416.11992 | I79: ='Energy input per carrier'!G179*1000 -> 427.32736 | J79: ='Energy input per carrier'!H179*1000 -> 438.52684
A80: Energy Use | B80: IND12 | C80: TJ | D80: ENE02 | E80: 0 | F80: 0 | G80: 0 | H80: 0 | I80: 0 | J80: 0
A81: Energy Use | B81: IND12 | C81: TJ | D81: ENE03 | E81: ='Energy input per carrier'!C109*1000 -> 101.41924 | F81: ='Energy input per carrier'!D109*1000 -> 54.756335 | G81: ='Energy input per carrier'!E109*1000 -> 49.127885 | H81: ='Energy input per carrier'!F109*1000 -> 47.85999 | I81: ='Energy input per carrier'!G109*1000 -> 49.149014 | J81: ='Energy input per carrier'!H109*1000 -> 50.43719
A82: Energy Use | B82: IND12 | C82: TJ | D82: ENE04 | E82: ='Energy input per carrier'!C6*1000 -> 62511.431 | F82: ='Energy input per carrier'!D6*1000 -> 19648.805 | G82: ='Energy input per carrier'!E6*1000 -> 7172.2837 | H82: ='Energy input per carrier'!F6*1000 -> 5403.2304 | I82: ='Energy input per carrier'!G6*1000 -> 3650.7081 | J82: ='Energy input per carrier'!H6*1000 -> 20225.698
A83: Energy Use | B83: IND12 | C83: TJ | D83: ENE05 | E83: ='Energy input per carrier'!C123*1000 -> 25986.9 | F83: ='Energy input per carrier'!D123*1000 -> 40752.029 | G83: ='Energy input per carrier'!E123*1000 -> 38522.415 | H83: ='Energy input per carrier'!F123*1000 -> 39940.095 | I83: ='Energy input per carrier'!G123*1000 -> 40538.741 | J83: ='Energy input per carrier'!H123*1000 -> 40210.624
A84: Energy Use | B84: IND12 | C84: TJ | D84: ENE06 | E84: =('Energy input per carrier'!C76+'Energy input per carrier'!C64)*1000 -> 9509.31 | F84: =('Energy input per carrier'!D76+'Energy input per carrier'!D64)*1000 -> 17707.194 | G84: =('Energy input per carrier'!E76+'Energy input per carrier'!E64)*1000 -> 34569.117 | H84: =('Energy input per carrier'!F76+'Energy input per carrier'!F64)*1000 -> 34913.808 | I84: =('Energy input per carrier'!G76+'Energy input per carrier'!G64)*1000 -> 34484.307 | J84: =('Energy input per carrier'!H76+'Energy input per carrier'!H64)*1000 -> 17700.041
A85: Energy Use | B85: IND12 | C85: TJ | D85: ENE07 | E85: 0 | F85: 0 | G85: 0 | H85: 0 | I85: 0 | J85: 0
A86: Energy Use | B86: IND12 | C86: TJ | D86: ENE08 | E86: 0 | F86: 0 | G86: 0 | H86: 0 | I86: 0 | J86: 0
A87: Energy Use | B87: IND12 | C87: TJ | D87: ENE09 | E87: 0 | F87: 0 | G87: 0 | H87: 0 | I87: 0 | J87: 0
A88: Energy Use | B88: IND12 | C88: TJ | D88: ENE10 | E88: 0 | F88: 0 | G88: 0 | H88: 0 | I88: 0 | J88: 0
A89: Energy Use | B89: IND12 | C89: TJ | D89: ENE11 | E89: 0 | G89: 0 | H89: 0 | I89: 0 | J89: 0
A90: Energy Use | B90: IND22 | C90: TJ | D90: ENE01 | E90: 0 | F90: 0 | G90: 0 | H90: 0 | I90: 0 | J90: 0
A91: Energy Use | B91: IND22 | C91: TJ | D91: ENE02 | E91: 0 | F91: 0 | G91: 0 | H91: 0 | I91: 0 | J91: 0
A92: Energy Use | B92: IND22 | C92: TJ | D92: ENE03 | E92: 0 | F92: 0 | G92: 0 | H92: 0 | I92: 0 | J92: 0
A93: Energy Use | B93: IND22 | C93: TJ | D93: ENE04 | E93: 0 | F93: 0 | G93: 0 | H93: 0 | I93: 0 | J93: 0
A94: Energy Use | B94: IND22 | C94: TJ | D94: ENE05 | E94: =('Tech, Carrier & Sector by Year'!D291+'Tech, Carrier & Sector by Year'!D295)*1000 -> 0.0069127791 | F94: =('Tech, Carrier & Sector by Year'!E291+'Tech, Carrier & Sector by Year'!E295)*1000 -> 1.8988066 | G94: =('Tech, Carrier & Sector by Year'!F291+'Tech, Carrier & Sector by Year'!F295)*1000 -> 0.021076255 | H94: =('Tech, Carrier & Sector by Year'!G291+'Tech, Carrier & Sector by Year'!G295)*1000 -> 0.00025980856 | I94: =('Tech, Carrier & Sector by Year'!H291+'Tech, Carrier & Sector by Year'!H295)*1000 -> 0.008733383 | J94: =('Tech, Carrier & Sector by Year'!I291+'Tech, Carrier & Sector by Year'!I295)*1000 -> 0.059566543
A95: Energy Use | B95: IND22 | C95: TJ | D95: ENE06 | E95: 0 | F95: 0 | G95: 0 | H95: 0 | I95: 0 | J95: 0
A96: Energy Use | B96: IND22 | C96: TJ | D96: ENE07 | E96: 0 | F96: 0 | G96: 0 | H96: 0 | I96: 0 | J96: 0
A97: Energy Use | B97: IND22 | C97: TJ | D97: ENE08 | E97: 0 | F97: 0 | G97: 0 | H97: 0 | I97: 0 | J97: 0
A98: Energy Use | B98: IND22 | C98: TJ | D98: ENE09 | E98: 0 | F98: 0 | G98: 0 | H98: 0 | I98: 0 | J98: 0
A99: Energy Use | B99: IND22 | C99: TJ | D99: ENE10 | E99: 0 | F99: 0 | G99: 0 | H99: 0 | I99: 0 | J99: 0
A100: Energy Use | B100: IND22 | C100: TJ | D100: ENE11 | E100: 0 | F100: 0 | G100: 0 | H100: 0 | I100: 0 | J100: 0
A101: Energy_Use | B101: ENE07 | C101: TJ | D101: ENE01 | E101: 0 | F101: 0 | G101: 0 | H101: 0 | I101: 0 | J101: 0
A102: Energy_Use | B102: ENE07 | C102: TJ | D102: ENE02 | E102: 0 | F102: 0 | G102: 0 | H102: 0 | I102: 0 | J102: 0
A103: Energy_Use | B103: ENE07 | C103: TJ | D103: ENE03 | E103: 0 | F103: 0 | G103: 0 | H103: 0 | I103: 0 | J103: 0
A104: Energy_Use | B104: ENE07 | C104: TJ | D104: ENE04 | E104: 0 | F104: 0 | G104: 0 | H104: 0 | I104: 0 | J104: 0
...

Sheet Tech, Carrier & Sector by Year
A1: Technology | B1: Energy Carrier | C1: Sector | D1: 2025 | E1: 2030 | F1: 2035 | G1: 2040 | H1: 2045 | I1: 2050
A2: 1003 Micro-WKK Brandstofcel 2011 (WB nieuwbouw) | B2: Elektriciteit | C2: Huishoudens | D2: 0 | E2: -2.8483875e-07 | F2: -2.0253418e-07 | G2: 0 | H2: -3.9194613e-07 | I2: -3.947984e-07
A3: 1003 Micro-WKK Brandstofcel 2011 (WB nieuwbouw) | B3: Warmte | C3: Huishoudens | D3: 0 | E3: -3.0061007e-07 | F3: -3.024147e-07 | G3: 0 | H3: -6.3685735e-07 | I3: -5.9235012e-07
A4: 1003 Micro-WKK Brandstofcel 2011 (WB nieuwbouw) | B4: Waterstof | C4: Huishoudens | D4: 0 | E4: 3.2970598e-07 | F4: 4.8668062e-07 | G4: 0 | H4: 1.0886851e-06 | I4: 9.5680607e-07
A5: 1010 Micro-WKK Brandstofcel 2011 (WB bestaande bouw) | B5: Elektriciteit | C5: Huishoudens | D5: 0 | E5: 0 | F5: 0 | G5: 0 | H5: 0 | I5: 0
A6: 1010 Micro-WKK Brandstofcel 2011 (WB bestaande bouw) | B6: Warmte | C6: Huishoudens | D6: 0 | E6: 0 | F6: 0 | G6: 0 | H6: 0 | I6: 0
A7: 1010 Micro-WKK Brandstofcel 2011 (WB bestaande bouw) | B7: Waterstof | C7: Huishoudens | D7: 0 | E7: 0 | F7: 0 | G7: 0 | H7: 0 | I7: 0
A8: 1012 Solar-PV Residential | B8: Elektriciteit | C8: Huishoudens | D8: -37.080362 | E8: -29.859767 | F8: -30.326279 | G8: -47.025141 | H8: -31.259398 | I8: -48.450141
A9: 1012 Solar-PV Residential | B9: Zon | C9: Huishoudens | D9: 37.080362 | E9: 29.859767 | F9: 30.326279 | G9: 47.025141 | H9: 31.259398 | I9: 48.450141 | L9: Hydrogen | M9: Unit | N9: code | O9: 2025 | P9: 2030 | Q9: 2035 | R9: 2040 | S9: 2045 | T9: 2050
A10: 1013 Biomassavergassing met CCS 7000u 2011 | B10: Biomassa (hout) | C10: Elektriciteitsopwekking | E10: 5.3979266e-05 | F10: 2.0531186e-05 | G10: 2.0793194e-07 | H10: 4.6149542e-06 | I10: 1.4450623e-05 | J10: Wind onshore | K10: Hyd | L10: Blue | M10: TJ | N10: BH | O10: =($D$16+$D$49+$D$669+$D$1030+D1034+D1038+D1046+D1858+D1974)*-1000 -> 54163.087 | P10: =(E16+E49+E669+E1030+E1034+E1038+E1046+E1858+E1974)*-1000 -> 60006.615 | Q10: =(F16+F49+F669+F1030+F1034+F1038+F1046+F1858+F1974)*-1000 -> 58965.858 | R10: =(G16+G49+G669+G1030+G1034+G1038+G1046+G1858+G1974)*-1000 -> 59768.269 | S10: =(H16+H49+H669+H1030+H1034+H1038+H1046+H1858+H1974)*-1000 -> 28526.564 | T10: =(I16+I49+I669+I1030+I1034+I1038+I1046+I1858+I1974)*-1000 -> 17527.386
A11: 1013 Biomassavergassing met CCS 7000u 2011 | B11: CO2Flow | C11: Elektriciteitsopwekking | E11: -5.3245195e-06 | F11: -2.025198e-06 | G11: 0 | H11: -4.5521948e-07 | I11: -1.4254107e-06 | J11: Gas fired | K11: Hyd | L11: Green | M11: TJ | N11: GH | O11: =(D1356+D1358+D1360+D1377)*-1000 -> 0 | P11: =(E1356+E1358+E1360+E1377)*-1000 -> 0.092496429 | Q11: =(F1356+F1358+F1360+F1377)*-1000 -> 0.08884642 | R11: =(G1356+G1358+G1360+G1377)*-1000 -> 0.0016307926 | S11: =(H1356+H1358+H1360+H1377)*-1000 -> 28373.363 | T11: =(I1356+I1358+I1360+I1377)*-1000 -> 38458.969
A12: 1013 Biomassavergassing met CCS 7000u 2011 | B12: Elektriciteit | C12: Elektriciteitsopwekking | E12: -3.6521321e-07 | F12: -1.2125396e-06 | G12: 0 | H12: -1.8916248e-06 | I12: -3.7118601e-06 | J12: Gas fired | K12: Hyd | L12: Total | M12: TJ | N12: T | O12: =O10+O11 -> 54163.087 | P12: =P10+P11 -> 60006.708 | Q12: =Q10+Q11 -> 58965.947 | R12: =R10+R11 -> 59768.27 | S12: =S10+S11 -> 56899.927 | T12: =T10+T11 -> 55986.355
A13: 1016 ATR with CC | B13: Aardgas | C13: H2 voorziening | D13: 0 | E13: 0.0003967363 | F13: 13.154776 | G13: 25.639268 | H13: 16.749879 | I13: 15.33429 | J13: Solar PV - Services
A14: 1016 ATR with CC | B14: CO2Flow | C14: H2 voorziening | D14: 0 | E14: -2.104074e-05 | F14: -0.68499555 | G14: -1.335088 | H14: -0.87219967 | I14: -0.79848725 | J14: Solar PV - Agriculture
A15: 1016 ATR with CC | B15: Elektriciteit | C15: H2 voorziening | D15: 0 | E15: 1.6779467e-05 | F15: 0.54811571 | G15: 1.0683028 | H15: 0.6979116 | I15: 0.63892884 | J15: Solar PV - Services
A16: 1016 ATR with CC | B16: Waterstof | C16: H2 voorziening | D16: 0 | E16: -0.00033672511 | F16: -10.962314 | G16: -21.366057 | H16: -13.958232 | I16: -12.778577 | J16: Solar PV - Electricity sector
A17: 1017 Kolenvergassing CCS 7000u eDesign 2011 | B17: CO2Flow | C17: Elektriciteitsopwekking | E17: 0 | F17: 0 | G17: 0 | H17: 0 | I17: 0 | J17: Gas fired
A18: 1017 Kolenvergassing CCS 7000u eDesign 2011 | B18: Elektriciteit | C18: Elektriciteitsopwekking | E18: 0 | F18: 0 | G18: 0 | H18: 0 | I18: 0 | J18: Gas fired with CCS
A19: 1017 Kolenvergassing CCS 7000u eDesign 2011 | B19: Kolen | C19: Elektriciteitsopwekking | E19: 0 | F19: 0 | G19: 0 | H19: 0 | I19: 0 | J19: Gas fired with CCS
A20: 1020 Solar thermal - Services | B20: Warmte | C20: HDO | D20: -5.0431666e-05 | E20: -0.0017069707 | F20: -0.0013633231 | G20: -9.4373294 | H20: -14.741707 | I20: -17.732528 | J20: Waste
A21: 1020 Solar thermal - Services | B21: Zon thermisch | C21: HDO | D21: 5.0431666e-05 | E21: 0.0017069707 | F21: 0.0013633231 | G21: 9.4373294 | H21: 14.741707 | I21: 17.732528 | J21: Solar PV - Industry
A22: 1021 Micro WKK brandstofcel Utiliteitsbouw eDesign 2011 | B22: Elektriciteit | C22: HDO | D22: 0 | E22: -2.5942992e-07 | F22: -1.6054678e-07 | G22: 0 | H22: -1.3949101e-06 | I22: -2.6027978e-07 | J22: Waste
A23: 1021 Micro WKK brandstofcel Utiliteitsbouw eDesign 2011 | B23: Warmte | C23: HDO | D23: 0 | E23: -2.5932067e-07 | F23: -2.3418511e-07 | G23: -1.1088828e-07 | H23: -2.2666754e-06 | I23: -3.7375714e-07 | J23: Nuclear
A24: 1021 Micro WKK brandstofcel Utiliteitsbouw eDesign 2011 | B24: Waterstof | C24: HDO | D24: 0 | E24: 2.5911911e-07 | F24: 3.7003776e-07 | G24: 1.8956861e-07 | H24: 3.8749634e-06 | I24: 5.8310737e-07 | J24: Nuclear
A25: 1022 Soil heat pump - Services | B25: Elektriciteit | C25: HDO | D25: 7.2727021e-06 | E25: 4.8629657e-05 | F25: 4.1408401e-05 | G25: 5.0047809e-07 | H25: 1.3344037e-05 | I25: 3.0030168e-05 | J25: Gas fired
A26: 1022 Soil heat pump - Services | B26: Omgevingswarmte | C26: HDO | D26: 1.273178e-05 | E26: 9.9401969e-05 | F26: 7.3425054e-05 | G26: 8.6072472e-07 | H26: 2.2949876e-05 | I26: 5.5732456e-05 | J26: Solar PV - Electricity sector
A27: 1022 Soil heat pump - Services | B27: Warmte | C27: HDO | D27: -1.9986278e-05 | E27: -0.0001341055 | F27: -0.00011253718 | G27: -1.3610514e-06 | H27: -3.6289119e-05 | I27: -8.1532055e-05 | J27: Solar PV - Agriculture
A28: 1023 Ground water heat pump - Services | B28: Aardgas | C28: HDO | D28: 0.14328119 | E28: 0.16541776 | F28: 0.19446466 | G28: 0.1555717 | H28: 0.02323769 | I28: 2.7408766e-06 | J28: Gas fired
A29: 1023 Ground water heat pump - Services | B29: Elektriciteit | C29: HDO | D29: 2.4459985 | E29: 2.8238955 | F29: 3.3197678 | G29: 2.6558143 | H29: 0.39669804 | I29: 4.5525305e-05 | J29: Gas fired
A30: 1023 Ground water heat pump - Services | B30: Omgevingswarmte | C30: HDO | D30: 10.999927 | E30: 12.699383 | F30: 14.929367 | G30: 11.943492 | H30: 1.7839952 | I30: 0.00020813957 | J30: Nuclear
A31: 1023 Ground water heat pump - Services | B31: Warmte | C31: HDO | D31: -13.58888 | E31: -15.688307 | F31: -18.443155 | G31: -14.754524 | H31: -2.203878 | I31: -0.00025255976 | J31: Nuclear
A32: 1024 Hybride WP ketel Utiliteitsbouw eDesign 2011 | B32: Aardgas | C32: HDO | D32: 0 | E32: 2.7397484e-07 | F32: 0 | G32: 0 | H32: 1.3024367e-06 | I32: 1.3071413e-07 | J32: Nuclear
A33: 1024 Hybride WP ketel Utiliteitsbouw eDesign 2011 | B33: Elektriciteit | C33: HDO | D33: 0 | E33: 2.6650238e-07 | F33: 0 | G33: 0 | H33: 6.2521599e-07 | I33: 1.0367535e-07
A34: 1024 Hybride WP ketel Utiliteitsbouw eDesign 2011 | B34: Omgevingswarmte | C34: HDO | D34: 0 | E34: 1.0551441e-05 | F34: 1.8203577e-06 | G34: 1.0883078e-07 | H34: 2.4173438e-06 | I34: 1.2496837e-05
A35: 1024 Hybride WP ketel Utiliteitsbouw eDesign 2011 | B35: Warmte | C35: HDO | D35: -1.188166e-07 | E35: -3.075051e-07 | F35: -1.642413e-07 | G35: -1.9553381e-07 | H35: -4.3412474e-06 | I35: -3.3075845e-07
A36: 1027 REF HR-107 - Services | B36: Aardgas | C36: HDO | D36: 0 | E36: 29.275181 | F36: 23.402685 | G36: 13.159088 | H36: 24.33852 | I36: 16.002826
A37: 1027 REF HR-107 - Services | B37: Warmte | C37: HDO | D37: 0 | E37: -26.991536 | F37: -21.593238 | G37: -11.971855 | H37: -22.142662 | I37: -14.559027
A38: 1029 Solar thermal - Newly built - Residential | B38: Warmte | C38: Huishoudens | D38: -4.4315563e-05 | E38: -0.007558223 | F38: -0.0061403542 | G38: -0.0049576441 | H38: -8.7762993e-05 | I38: -2.1285668e-05
A39: 1029 Solar thermal - Newly built - Residential | B39: Zon thermisch | C39: Huishoudens | D39: 4.4315563e-05 | E39: 0.007558223 | F39: 0.0061403542 | G39: 0.0049576441 | H39: 8.7762993e-05 | I39: 2.1285668e-05
A40: 1035 REF HR-107 - Existing - Residential | B40: Aardgas | C40: Huishoudens | D40: 252.30265 | E40: 216.22162 | F40: 195.97316 | G40: 184.0184 | H40: 164.215 | I40: 144.41443
A41: 1035 REF HR-107 - Existing - Residential | B41: Warmte | C41: Huishoudens | D41: -235.52143 | E41: -206.31145 | F41: -182.9331 | G41: -171.80243 | H41: -153.32435 | I41: -134.84628
A42: 1037 REF HR-107 - Newly built - Residential | B42: Aardgas | C42: Huishoudens | D42: 0.00083577375 | E42: 17.332732 | F42: 28.817742 | G42: 14.636463 | H42: 13.381338 | I42: 10.871086
A43: 1037 REF HR-107 - Newly built - Residential | B43: Warmte | C43: Huishoudens | D43: -0.00078035169 | E43: -16.536653 | F43: -29.057134 | G43: -15.180768 | H43: -14.337934 | I43: -12.652264
A44: 1039 Solar thermal - Existing - Residential | B44: Warmte | C44: Huishoudens | D44: -5.373557e-05 | E44: -0.22682373 | F44: -0.18151226 | G44: -0.14742123 | H44: -0.00046541001 | I44: -0.049425195
... A47: 1042 Wind op Zee band 1 | B47: Wind | C47: Elektriciteitsopwekking | D47: 81.121542 | E47: 188.90011 | F47: 232.98281 | G47: 232.76681 | H47: 306.86545 | I47: 307.3075
A48: 1043 REF H2 uit SMR 2011 | B48: Aardgas | C48: H2 voorziening | D48: 73.120092 | E48: 0.001896462 | F48: 8.226362e-05 | G48: 2.413653e-06 | H48: 1.9786375e-05 | I48: 8.998492e-05 | L48: =O10/O12 -> 1 | M48: =P10/P12 -> 0.99999846 | N48: =Q10/Q12 -> 0.99999849 | O48: =R10/R12 -> 0.99999997 | P48: =S10/S12 -> 0.50134624 | Q48: =T10/T12 -> 0.31306532
A49: 1043 REF H2 uit SMR 2011 | B49: Waterstof | C49: H2 voorziening | D49: -54.163031 | E49: -0.0014091615 | F49: -6.1632287e-05 | G49: -1.7880087e-06 | H49: -1.4660299e-05 | I49: -6.9942638e-05 | L49: =O11/O12 -> 0 | M49: =P11/P12 -> 1.5414348e-06 | N49: =Q11/Q12 -> 1.5067412e-06 | O49: =R11/R12 -> 2.7285257e-08 | P49: =S11/S12 -> 0.49865376 | Q49: =T11/T12 -> 0.68693468
A50: 1044 Ketels SHT kolen eDesign 2011 | B50: HeatHT400 | C50: Industrie | E50: 0 | F50: 0 | G50: 0 | H50: 0 | I50: 0
A51: 1044 Ketels SHT kolen eDesign 2011 | B51: Kolen | C51: Industrie | E51: 0 | F51: 0 | G51: 0 | H51: 0 | I51: 0
A52: 1045 Hydrogen Medium Temp Boilers - Industry | B52: Heat200to400 | C52: Industrie | D52: -2.2344322e-06 | E52: -4.6665204e-05 | F52: -3.1980031e-05 | G52: -3.4918996e-07 | H52: -1.1150556e-05 | I52: -3.7483628e-05
A53: 1045 Hydrogen Medium Temp Boilers - Industry | B53: Waterstof | C53: Industrie | D53: 2.476215e-06 | E53: 5.1769819e-05 | F53: 3.5493134e-05 | G53: 3.8760055e-07 | H53: 1.2377107e-05 | I53: 4.1598168e-05
A54: 1046 Hot water electric boiler - Industry | B54: Elektriciteit | C54: Industrie | D54: 0 | E54: 6.3292115e-05 | F54: 0.0002864567 | G54: 5.4066778e-07 | H54: 0.00037103317 | I54: 0.26175468
A55: 1046 Hot water electric boiler - Industry | B55: Warmte | C55: Industrie | D55: 0 | E55: -6.2668031e-05 | F55: -0.00028362092 | G55: -5.3531467e-07 | H55: -0.00036735957 | I55: -0.25916305
A56: 1047 Electric Industrial Heat Pump - Industry | B56: Elektriciteit | C56: Industrie | D56: 2.9109812e-07 | E56: 1.5660894 | F56: 3.0567026 | G56: 3.0011056 | H56: 2.1549106 | I56: 2.7540044
A57: 1047 Electric Industrial Heat Pump - Industry | B57: Omgevingswarmte | C57: Industrie | D57: 7.1864346e-07 | E57: 3.9152384 | F57: 7.6417591 | G57: 7.502764 | H57: 5.3872765 | I57: 6.8850156
A58: 1047 Electric Industrial Heat Pump - Industry | B58: Warmte | C58: Industrie | D58: -9.915379e-07 | E58: -5.4813122 | F58: -10.698459 | G58: -10.50387 | H58: -7.5421871 | I58: -9.6390152
A59: 1048 Natural Gas Industrial Heat Pump - Industry | B59: Aardgas | C59: Industrie | D59: 0 | E59: 0 | F59: 0 | G59: 0 | H59: 0 | I59: 0
A60: 1048 Natural Gas Industrial Heat Pump - Industry | B60: Omgevingswarmte | C60: Industrie | D60: 0 | E60: 0 | F60: 0 | G60: 0 | H60: 0 | I60: 0
A61: 1048 Natural Gas Industrial Heat Pump - Industry | B61: Warmte | C61: Industrie | D61: 0 | E61: 0 | F61: 0 | G61: 0 | H61: 0 | I61: 0
A62: 1049 WKK biomassa (vloeibaar) eDesign 2011 | B62: Biomassa (natte stromen) | C62: Industrie | E62: 0 | F62: 0 | G62: 0 | H62: 0 | I62: 0
A63: 1049 WKK biomassa (vloeibaar) eDesign 2011 | B63: Elektriciteit | C63: Industrie | E63: 0 | F63: 0 | G63: 0 | H63: 0 | I63: 0
A64: 1049 WKK biomassa (vloeibaar) eDesign 2011 | B64: Warmte | C64: Industrie | E64: 0 | F64: 0 | G64: 0 | H64: 0 | I64: 0
A65: 1050 WKK biomassa (vloeibaar) CCS eDesign 2011 | B65: Biomassa (natte stromen) | C65: Industrie | E65: 0 | F65: 0 | G65: 0 | H65: 0 | I65: 0
A66: 1050 WKK biomassa (vloeibaar) CCS eDesign 2011 | B66: CO2Flow | C66: Industrie | E66: 0 | F66: 0 | G66: 0 | H66: 0 | I66: 0
A67: 1050 WKK biomassa (vloeibaar) CCS eDesign 2011 | B67: Elektriciteit | C67: Industrie | E67: 0 | F67: 0 | G67: 0 | H67: 0 | I67: 0
A68: 1050 WKK biomassa (vloeibaar) CCS eDesign 2011 | B68: Warmte | C68: Industrie | E68: 0 | F68: 0 | G68: 0 | H68: 0 | I68: 0
A69: 1051 WKK biomassa (vast) CCS eDesign 2011 | B69: Biomassa (hout) | C69: Industrie | E69: 0 | F69: 0 | G69: 0 | H69: 0 | I69: 0
A70: 1051 WKK biomassa (vast) CCS eDesign 2011 | B70: CO2Flow | C70: Industrie | E70: 0 | F70: 0 | G70: 0 | H70: 0 | I70: 0
A71: 1051 WKK biomassa (vast) CCS eDesign 2011 | B71: Elektriciteit | C71: Industrie | E71: 0 | F71: 0 | G71: 0 | H71: 0 | I71: 0
A72: 1051 WKK biomassa (vast) CCS eDesign 2011 | B72: Heat200to400 | C72: Industrie | E72: 0 | F72: 0 | G72: 0 | H72: 0 | I72: 0
A73: 1052 WKK gas CCS eDesign 2011 | B73: Aardgas | C73: Industrie | E73: 0 | F73: 0 | G73: 0 | H73: 0 | I73: 0
... A79: 1053 WKK biomassa (vast) Industrie | B79: Heat200to400 | C79: Industrie | E79: 0 | F79: 0 | G79: 0 | H79: 0 | I79: 0
A80: 1054 WKK gas eDesign 2011 | B80: Aardgas | C80: Industrie | D80: 0.045910527 | E80: 2.4522154 | F80: 1.2086321 | G80: 1.0371413 | H80: 0.92405993 | I80: 0.84415127
A81: 1054 WKK gas eDesign 2011 | B81: Elektriciteit | C81: Industrie | D81: -0.011473399 | E81: -0.61217377 | F81: -0.30157228 | G81: -0.25944019 | H81: -0.23017901 | I81: -0.21025387
A82: 1054 WKK gas eDesign 2011 | B82: Heat200to400 | C82: Industrie | D82: -0.027551968 | E82: -1.4722831 | F82: -0.72580129 | G82: -0.62216105 | H82: -0.55529965 | I82: -0.50730012
A83: 1055 Ketels LT biomassa CCS eDesign 2011 | B83: Biomassa (hout) | C83: Industrie | E83: 0 | F83: 0 | G83: 0 | H83: 0 | I83: 0
A84: 1055 Ketels LT biomassa CCS eDesign 2011 | B84: CO2Flow | C84: Industrie | E84: 0 | F84: 0 | G84: 0 | H84: 0 | I84: 0
A85: 1055 Ketels LT biomassa CCS eDesign 2011 | B85: Elektriciteit | C85: Industrie | E85: 0 | F85: 0 | G85: 0 | H85: 0 | I85: 0
A86: 1055 Ketels LT biomassa CCS eDesign 2011 | B86: Heat100to200 | C86: Industrie | E86: 0 | F86: 0 | G86: 0 | H86: 0 | I86: 0
A87: 1056 Coal boiler 100-200C - Industry | B87: Heat100to200 | C87: Industrie | E87: 0 | F87: 0 | G87: 0 | H87: 0 | I87: 0
A88: 1056 Coal boiler 100-200C - Industry | B88: Kolen | C88: Industrie | E88: 0 | F88: 0 | G88: 0 | H88: 0 | I88: 0
A89: 1057 Ketels LT aardgas CCS eDesign 2011 | B89: Aardgas | C89: Industrie | E89: 0 | F89: 0 | G89: 0 | H89: 0 | I89: 0
A90: 1057 Ketels LT aardgas CCS eDesign 2011 | B90: CO2Flow | C90: Industrie | E90: 0 | F90: 0 | G90: 0 | H90: 0 | I90: 0
A91: 1057 Ketels LT aardgas CCS eDesign 2011 | B91: Elektriciteit | C91: Industrie | E91: 0 | F91: 0 | G91: 0 | H91: 0 | I91: 0
A92: 1057 Ketels LT aardgas CCS eDesign 2011 | B92: Heat100to200 | C92: Industrie | E92: 0 | F92: 0 | G92: 0 | H92: 0 | I92: 0
A93: 1059 Ketels LT kolen eDesign 2011 | B93: Heat100to200 | C93: Industrie | E93: 0 | F93: 0 | G93: 0 | H93: 0 | I93: 0
A94: 1059 Ketels LT kolen eDesign 2011 | B94: Kolen | C94: Industrie | E94: 0 | F94: 0 | G94: 0 | H94: 0 | I94: 0
A95: 1060 Natural Gas Low Temp Boilers - Industry | B95: Aardgas | C95: Industrie | D95: 14.071855 | E95: 14.278491 | F95: 7.342707 | G95: 2.7758861 | H95: 6.127226 | I95: 6.1382088
A96: 1060 Natural Gas Low Temp Boilers - Industry | B96: Heat100to200 | C96: Industrie | D96: -12.665936 | E96: -12.851927 | F96: -6.6090972 | G96: -2.4985474 | H96: -5.5150549 | I96: -5.5249404
A97: 1061 Boilers HT biomass CCS eDesign 2011 | B97: Biomassa (hout) | C97: Industrie | E97: 0 | F97: 0 | G97: 0 | H97: 0 | I97: 0
A98: 1061 Boilers HT biomass CCS eDesign 2011 | B98: CO2Flow | C98: Industrie | E98: 0 | F98: 0 | G98: 0 | H98: 0 | I98: 0
A99: 1061 Boilers HT biomass CCS eDesign 2011 | B99: Elektriciteit | C99: Industrie | E99: 0 | F99: 0 | G99: 0 | H99: 0 | I99: 0
A100: 1061 Boilers HT biomass CCS eDesign 2011 | B100: Heat200to400 | C100: Industrie | E100: 0 | F100: 0 | G100: 0 | H100: 0 | I100: 0
A101: 1062 Ketels HT kolen CCS eDesign 2011 | B101: CO2Flow | C101: Industrie | E101: 0 | F101: 0 | G101: 0 | H101: 0 | I101: 0
A102: 1062 Ketels HT kolen CCS eDesign 2011 | B102: Elektriciteit | C102: Industrie | E102: 0 | F102: 0 | G102: 0 | H102: 0 | I102: 0
A103: 1062 Ketels HT kolen CCS eDesign 2011 | B103: Heat200to400 | C103: Industrie | E103: 0 | F103: 0 | G103: 0 | H103: 0 | I103: 0
A104: 1062 Ketels HT kolen CCS eDesign 2011 | B104: Kolen | C104: Industrie | E104: 0 | F104: 0 | G104: 0 | H104: 0 | I104: 0
A105: 1063 NG DF 200-400C - Industry | B105: Aardgas | C105: Industrie | E105: 0 | F105: 0 | G105: 0 | H105: 0 | I105: 0
A106: 1063 NG DF 200-400C - Industry | B106: HeatDir200to400 | C106: Industrie | E106: 0 | F106: 0 | G106: 0 | H106: 0 | I106: 0
A107: 1064 Biomass Medium Temp Boilers - Industry | B107: Biomassa (hout) | C107: Industrie | D107: 0.24992175 | E107: 0.0036562111 | F107: 1.7442236 | G107: 12.756713 | H107: 0.00029325978 | I107: 3.3928741e-05
...

Sheet Electricity & Heat
A1: Technology | B1: Energy Carrier | C1: 2025 | D1: 2030 | E1: 2035 | F1: 2040 | G1: 2045 | H1: 2050
A2: 1012 Solar-PV Residential | B2: Elektriciteit | C2: -37.080362 | D2: -29.859767 | E2: -30.326279 | F2: -47.025141 | G2: -31.259398 | H2: -48.450141
A3: 1012 Solar-PV Residential | B3: Zon | C3: 37.080362 | D3: 29.859767 | E3: 30.326279 | F3: 47.025141 | G3: 31.259398 | H3: 48.450141
A4: 1042 Wind op Zee band 1 | B4: Elektriciteit | C4: -81.121541 | D4: -188.90011 | E4: -232.98281 | F4: -232.76681 | G4: -306.86545 | H4: -307.3075
A5: 1042 Wind op Zee band 1 | B5: Wind | C5: 81.121542 | D5: 188.90011 | E5: 232.98281 | F5: 232.76681 | G5: 306.86545 | H5: 307.3075
A6: 1090 Wind op Land band 1 | B6: Elektriciteit | C6: -54.303554 | D6: -64.599915 | E6: -85.617193 | F6: -85.833189 | G6: -125.36606 | H6: -123.93943
A7: 1090 Wind op Land band 1 | B7: Wind | C7: 54.303554 | D7: 64.599937 | E7: 85.617197 | F7: 85.833189 | G7: 125.36606 | H7: 123.93944
A8: 1108 Natural gas CCGT | B8: Elektriciteit | C8: -57.797464 | D8: -98.607172 | E8: -55.524564 | F8: -39.162315 | G8: -39.297296 | H8: -39.986812
A9: 1108 Natural gas CCGT | B9: Aardgas | C9: 98.046953 | D9: 161.61715 | E9: 91.00476 | F9: 64.187034 | G9: 64.408269 | H9: 65.538384
A10: 1248 REF WKK gas Landbouw ebalans | B10: Elektriciteit | C10: -33.532452 | D10: -23.33348 | E10: -8.6327591e-06 | F10: -1.0904555e-07 | G10: -2.6269849e-06 | H10: -6.2927993e-06
A11: 1248 REF WKK gas Landbouw ebalans | B11: Aardgas | C11: 82.317601 | D11: 57.264511 | E11: 2.1294143e-05 | F11: 2.6996018e-07 | G11: 6.5065909e-06 | H11: 1.5470245e-05
A12: 1248 REF WKK gas Landbouw ebalans | B12: Warmte | C12: -39.395669 | D12: -27.401579 | E12: -1.0134695e-05 | F12: -1.2818319e-07 | G12: -3.0901081e-06 | H12: -7.3883457e-06
A13: 1462 Solar-PV Vertical (incl. bif noise barriers) | B13: Elektriciteit | C13: 0 | D13: -0.000128392 | E13: -6.1647548e-05 | F13: -10.767974 | G13: -11.30507 | H13: -11.473801
... A63: 2323 NG CHP - District heating | B63: Warmte | C63: -0.041090148 | D63: -0.0044012233 | E63: -0.0021605046 | F63: -0.0012597933 | G63: -2.5975578e-05 | H63: -6.0242647e-05
